{
	"ImportPath": "github.com/docker/swarmkit",
	"GoVersion": "go1.6",
	"Packages": [
		"./..."
	],
	"Deps": [
		{
			"ImportPath": "github.com/Microsoft/go-winio",
			"Rev": "f778f05015353be65d242f3fedc18695756153bb"
		},
		{
			"ImportPath": "github.com/Sirupsen/logrus",
			"Comment": "v0.8.7-53-g446d1c1",
			"Rev": "446d1c146faa8ed3f4218f056fcd165f6bcfda81"
		},
		{
			"ImportPath": "github.com/boltdb/bolt",
			"Comment": "v1.1.0-67-g2f846c3",
			"Rev": "2f846c3551b76d7710f159be840d66c3d064abbe"
		},
		{
			"ImportPath": "github.com/cloudflare/cfssl/api",
			"Comment": "1.2.0-59-gb895b05",
			"Rev": "b895b0549c0ff676f92cf09ba971ae02bb41367b"
		},
		{
			"ImportPath": "github.com/cloudflare/cfssl/auth",
			"Comment": "1.2.0-59-gb895b05",
			"Rev": "b895b0549c0ff676f92cf09ba971ae02bb41367b"
		},
		{
			"ImportPath": "github.com/cloudflare/cfssl/certdb",
			"Comment": "1.2.0-59-gb895b05",
			"Rev": "b895b0549c0ff676f92cf09ba971ae02bb41367b"
		},
		{
			"ImportPath": "github.com/cloudflare/cfssl/config",
			"Comment": "1.2.0-59-gb895b05",
			"Rev": "b895b0549c0ff676f92cf09ba971ae02bb41367b"
		},
		{
			"ImportPath": "github.com/cloudflare/cfssl/crypto/pkcs7",
			"Comment": "1.2.0-59-gb895b05",
			"Rev": "b895b0549c0ff676f92cf09ba971ae02bb41367b"
		},
		{
			"ImportPath": "github.com/cloudflare/cfssl/csr",
			"Comment": "1.2.0-59-gb895b05",
			"Rev": "b895b0549c0ff676f92cf09ba971ae02bb41367b"
		},
		{
			"ImportPath": "github.com/cloudflare/cfssl/errors",
			"Comment": "1.2.0-59-gb895b05",
			"Rev": "b895b0549c0ff676f92cf09ba971ae02bb41367b"
		},
		{
			"ImportPath": "github.com/cloudflare/cfssl/helpers",
			"Comment": "1.2.0-59-gb895b05",
			"Rev": "b895b0549c0ff676f92cf09ba971ae02bb41367b"
		},
		{
			"ImportPath": "github.com/cloudflare/cfssl/helpers/derhelpers",
			"Comment": "1.2.0-59-gb895b05",
			"Rev": "b895b0549c0ff676f92cf09ba971ae02bb41367b"
		},
		{
			"ImportPath": "github.com/cloudflare/cfssl/info",
			"Comment": "1.2.0-59-gb895b05",
			"Rev": "b895b0549c0ff676f92cf09ba971ae02bb41367b"
		},
		{
			"ImportPath": "github.com/cloudflare/cfssl/initca",
			"Comment": "1.2.0-59-gb895b05",
			"Rev": "b895b0549c0ff676f92cf09ba971ae02bb41367b"
		},
		{
			"ImportPath": "github.com/cloudflare/cfssl/log",
			"Comment": "1.2.0-59-gb895b05",
			"Rev": "b895b0549c0ff676f92cf09ba971ae02bb41367b"
		},
		{
			"ImportPath": "github.com/cloudflare/cfssl/ocsp/config",
			"Comment": "1.2.0-59-gb895b05",
			"Rev": "b895b0549c0ff676f92cf09ba971ae02bb41367b"
		},
		{
			"ImportPath": "github.com/cloudflare/cfssl/signer",
			"Comment": "1.2.0-59-gb895b05",
			"Rev": "b895b0549c0ff676f92cf09ba971ae02bb41367b"
		},
		{
			"ImportPath": "github.com/cloudflare/cfssl/signer/local",
			"Comment": "1.2.0-59-gb895b05",
			"Rev": "b895b0549c0ff676f92cf09ba971ae02bb41367b"
		},
		{
			"ImportPath": "github.com/cloudfoundry-incubator/candiedyaml",
			"Rev": "646fd8fe27c55af8231d9f2524f5dc88f9dfe02d"
		},
		{
			"ImportPath": "github.com/coreos/etcd/Godeps/_workspace/src/bitbucket.org/ww/goautoneg",
			"Comment": "v2.3.2",
			"Rev": "ce63f107382080fda29ed124249b16bfea224dc0"
		},
		{
			"ImportPath": "github.com/coreos/etcd/Godeps/_workspace/src/github.com/beorn7/perks/quantile",
			"Comment": "v2.3.2",
			"Rev": "ce63f107382080fda29ed124249b16bfea224dc0"
		},
		{
			"ImportPath": "github.com/coreos/etcd/Godeps/_workspace/src/github.com/coreos/go-systemd/journal",
			"Comment": "v2.3.2",
			"Rev": "ce63f107382080fda29ed124249b16bfea224dc0"
		},
		{
			"ImportPath": "github.com/coreos/etcd/Godeps/_workspace/src/github.com/coreos/pkg/capnslog",
			"Comment": "v2.3.2",
			"Rev": "ce63f107382080fda29ed124249b16bfea224dc0"
		},
		{
			"ImportPath": "github.com/coreos/etcd/Godeps/_workspace/src/github.com/gogo/protobuf/proto",
			"Comment": "v2.3.2",
			"Rev": "ce63f107382080fda29ed124249b16bfea224dc0"
		},
		{
			"ImportPath": "github.com/coreos/etcd/Godeps/_workspace/src/github.com/golang/protobuf/proto",
			"Comment": "v2.3.2",
			"Rev": "ce63f107382080fda29ed124249b16bfea224dc0"
		},
		{
			"ImportPath": "github.com/coreos/etcd/Godeps/_workspace/src/github.com/matttproud/golang_protobuf_extensions/pbutil",
			"Comment": "v2.3.2",
			"Rev": "ce63f107382080fda29ed124249b16bfea224dc0"
		},
		{
			"ImportPath": "github.com/coreos/etcd/Godeps/_workspace/src/github.com/prometheus/client_golang/prometheus",
			"Comment": "v2.3.2",
			"Rev": "ce63f107382080fda29ed124249b16bfea224dc0"
		},
		{
			"ImportPath": "github.com/coreos/etcd/Godeps/_workspace/src/github.com/prometheus/client_model/go",
			"Comment": "v2.3.2",
			"Rev": "ce63f107382080fda29ed124249b16bfea224dc0"
		},
		{
			"ImportPath": "github.com/coreos/etcd/Godeps/_workspace/src/github.com/prometheus/common/expfmt",
			"Comment": "v2.3.2",
			"Rev": "ce63f107382080fda29ed124249b16bfea224dc0"
		},
		{
			"ImportPath": "github.com/coreos/etcd/Godeps/_workspace/src/github.com/prometheus/common/model",
			"Comment": "v2.3.2",
			"Rev": "ce63f107382080fda29ed124249b16bfea224dc0"
		},
		{
			"ImportPath": "github.com/coreos/etcd/Godeps/_workspace/src/github.com/prometheus/procfs",
			"Comment": "v2.3.2",
			"Rev": "ce63f107382080fda29ed124249b16bfea224dc0"
		},
		{
			"ImportPath": "github.com/coreos/etcd/Godeps/_workspace/src/golang.org/x/net/context",
			"Comment": "v2.3.2",
			"Rev": "ce63f107382080fda29ed124249b16bfea224dc0"
		},
		{
			"ImportPath": "github.com/coreos/etcd/pkg/crc",
			"Comment": "v2.3.2",
			"Rev": "ce63f107382080fda29ed124249b16bfea224dc0"
		},
		{
			"ImportPath": "github.com/coreos/etcd/pkg/fileutil",
			"Comment": "v2.3.2",
			"Rev": "ce63f107382080fda29ed124249b16bfea224dc0"
		},
		{
			"ImportPath": "github.com/coreos/etcd/pkg/idutil",
			"Comment": "v2.3.2",
			"Rev": "ce63f107382080fda29ed124249b16bfea224dc0"
		},
		{
			"ImportPath": "github.com/coreos/etcd/pkg/pbutil",
			"Comment": "v2.3.2",
			"Rev": "ce63f107382080fda29ed124249b16bfea224dc0"
		},
		{
			"ImportPath": "github.com/coreos/etcd/pkg/testutil",
			"Comment": "v2.3.2",
			"Rev": "ce63f107382080fda29ed124249b16bfea224dc0"
		},
		{
			"ImportPath": "github.com/coreos/etcd/pkg/wait",
			"Comment": "v2.3.2",
			"Rev": "ce63f107382080fda29ed124249b16bfea224dc0"
		},
		{
			"ImportPath": "github.com/coreos/etcd/raft",
			"Comment": "v2.3.2",
			"Rev": "ce63f107382080fda29ed124249b16bfea224dc0"
		},
		{
			"ImportPath": "github.com/coreos/etcd/raft/raftpb",
			"Comment": "v2.3.2",
			"Rev": "ce63f107382080fda29ed124249b16bfea224dc0"
		},
		{
			"ImportPath": "github.com/coreos/etcd/snap",
			"Comment": "v2.3.2",
			"Rev": "ce63f107382080fda29ed124249b16bfea224dc0"
		},
		{
			"ImportPath": "github.com/coreos/etcd/snap/snappb",
			"Comment": "v2.3.2",
			"Rev": "ce63f107382080fda29ed124249b16bfea224dc0"
		},
		{
			"ImportPath": "github.com/coreos/etcd/wal",
			"Comment": "v2.3.2",
			"Rev": "ce63f107382080fda29ed124249b16bfea224dc0"
		},
		{
			"ImportPath": "github.com/coreos/etcd/wal/walpb",
			"Comment": "v2.3.2",
			"Rev": "ce63f107382080fda29ed124249b16bfea224dc0"
		},
		{
			"ImportPath": "github.com/davecgh/go-spew/spew",
			"Rev": "5215b55f46b2b919f50a1df0eaa5886afe4e3b3d"
		},
		{
			"ImportPath": "github.com/docker/distribution/digest",
			"Comment": "v2.3.0-rc.2-95-g7230e9d",
			"Rev": "7230e9def796c63a4033211dc5107742d689fc1e"
		},
		{
			"ImportPath": "github.com/docker/distribution/reference",
			"Comment": "v2.3.0-rc.2-95-g7230e9d",
			"Rev": "7230e9def796c63a4033211dc5107742d689fc1e"
		},
		{
			"ImportPath": "github.com/docker/docker/pkg/plugins",
			"Comment": "v1.4.1-10695-gdd32445",
			"Rev": "dd32445ecc6b706e8681dcc9d80c42c9b6cbf6cd"
		},
		{
			"ImportPath": "github.com/docker/docker/pkg/plugins/transport",
			"Comment": "v1.4.1-10695-gdd32445",
			"Rev": "dd32445ecc6b706e8681dcc9d80c42c9b6cbf6cd"
		},
		{
			"ImportPath": "github.com/docker/engine-api/client",
			"Comment": "v0.3.1-188-gde0bc7e",
			"Rev": "de0bc7ec1a2b90b7191e63d3d6f06833188bbd85"
		},
		{
			"ImportPath": "github.com/docker/engine-api/client/transport",
			"Comment": "v0.3.1-188-gde0bc7e",
			"Rev": "de0bc7ec1a2b90b7191e63d3d6f06833188bbd85"
		},
		{
			"ImportPath": "github.com/docker/engine-api/client/transport/cancellable",
			"Comment": "v0.3.1-188-gde0bc7e",
			"Rev": "de0bc7ec1a2b90b7191e63d3d6f06833188bbd85"
		},
		{
			"ImportPath": "github.com/docker/engine-api/types",
			"Comment": "v0.3.1-188-gde0bc7e",
			"Rev": "de0bc7ec1a2b90b7191e63d3d6f06833188bbd85"
		},
		{
			"ImportPath": "github.com/docker/engine-api/types/blkiodev",
			"Comment": "v0.3.1-188-gde0bc7e",
			"Rev": "de0bc7ec1a2b90b7191e63d3d6f06833188bbd85"
		},
		{
			"ImportPath": "github.com/docker/engine-api/types/container",
			"Comment": "v0.3.1-188-gde0bc7e",
			"Rev": "de0bc7ec1a2b90b7191e63d3d6f06833188bbd85"
		},
		{
			"ImportPath": "github.com/docker/engine-api/types/events",
			"Comment": "v0.3.1-188-gde0bc7e",
			"Rev": "de0bc7ec1a2b90b7191e63d3d6f06833188bbd85"
		},
		{
			"ImportPath": "github.com/docker/engine-api/types/filters",
			"Comment": "v0.3.1-188-gde0bc7e",
			"Rev": "de0bc7ec1a2b90b7191e63d3d6f06833188bbd85"
		},
		{
			"ImportPath": "github.com/docker/engine-api/types/network",
			"Comment": "v0.3.1-188-gde0bc7e",
			"Rev": "de0bc7ec1a2b90b7191e63d3d6f06833188bbd85"
		},
		{
			"ImportPath": "github.com/docker/engine-api/types/reference",
			"Comment": "v0.3.1-188-gde0bc7e",
			"Rev": "de0bc7ec1a2b90b7191e63d3d6f06833188bbd85"
		},
		{
			"ImportPath": "github.com/docker/engine-api/types/registry",
			"Comment": "v0.3.1-188-gde0bc7e",
			"Rev": "de0bc7ec1a2b90b7191e63d3d6f06833188bbd85"
		},
		{
			"ImportPath": "github.com/docker/engine-api/types/strslice",
			"Comment": "v0.3.1-188-gde0bc7e",
			"Rev": "de0bc7ec1a2b90b7191e63d3d6f06833188bbd85"
		},
		{
			"ImportPath": "github.com/docker/engine-api/types/swarm",
			"Comment": "v0.3.1-188-gde0bc7e",
			"Rev": "de0bc7ec1a2b90b7191e63d3d6f06833188bbd85"
		},
		{
			"ImportPath": "github.com/docker/engine-api/types/time",
			"Comment": "v0.3.1-188-gde0bc7e",
			"Rev": "de0bc7ec1a2b90b7191e63d3d6f06833188bbd85"
		},
		{
			"ImportPath": "github.com/docker/engine-api/types/versions",
			"Comment": "v0.3.1-188-gde0bc7e",
			"Rev": "de0bc7ec1a2b90b7191e63d3d6f06833188bbd85"
		},
		{
			"ImportPath": "github.com/docker/go-connections/nat",
			"Comment": "v0.2.0",
			"Rev": "34b5052da6b11e27f5f2e357b38b571ddddd3928"
		},
		{
			"ImportPath": "github.com/docker/go-connections/sockets",
			"Comment": "v0.2.0",
			"Rev": "34b5052da6b11e27f5f2e357b38b571ddddd3928"
		},
		{
			"ImportPath": "github.com/docker/go-connections/tlsconfig",
			"Comment": "v0.2.0",
			"Rev": "34b5052da6b11e27f5f2e357b38b571ddddd3928"
		},
		{
			"ImportPath": "github.com/docker/go-events",
			"Rev": "75bd8e1de6126833daf8df682aa10f17cea7e011"
		},
		{
			"ImportPath": "github.com/docker/go-units",
			"Comment": "v0.1.0-9-g954fed0",
			"Rev": "954fed01cc617c55d838fa2230073f2cb17386c8"
		},
		{
			"ImportPath": "github.com/docker/libkv",
			"Comment": "v0.1.0-12-g9fd5660",
			"Rev": "9fd56606e928ff1f309808f5d5a0b7a2ef73f9a8"
		},
		{
			"ImportPath": "github.com/docker/libkv/store",
			"Comment": "v0.1.0-12-g9fd5660",
			"Rev": "9fd56606e928ff1f309808f5d5a0b7a2ef73f9a8"
		},
		{
			"ImportPath": "github.com/docker/libnetwork/bitseq",
			"Comment": "v0.8.0-dev.2-201-g2205999",
			"Rev": "2205999d8d40edf92cff7e9b5ef509ce818a3bcf"
		},
		{
			"ImportPath": "github.com/docker/libnetwork/datastore",
			"Comment": "v0.8.0-dev.2-201-g2205999",
			"Rev": "2205999d8d40edf92cff7e9b5ef509ce818a3bcf"
		},
		{
			"ImportPath": "github.com/docker/libnetwork/discoverapi",
			"Comment": "v0.8.0-dev.2-201-g2205999",
			"Rev": "2205999d8d40edf92cff7e9b5ef509ce818a3bcf"
		},
		{
			"ImportPath": "github.com/docker/libnetwork/driverapi",
			"Comment": "v0.8.0-dev.2-201-g2205999",
			"Rev": "2205999d8d40edf92cff7e9b5ef509ce818a3bcf"
		},
		{
			"ImportPath": "github.com/docker/libnetwork/drivers/overlay/ovmanager",
			"Comment": "v0.8.0-dev.2-201-g2205999",
			"Rev": "2205999d8d40edf92cff7e9b5ef509ce818a3bcf"
		},
		{
			"ImportPath": "github.com/docker/libnetwork/drvregistry",
			"Comment": "v0.8.0-dev.2-201-g2205999",
			"Rev": "2205999d8d40edf92cff7e9b5ef509ce818a3bcf"
		},
		{
			"ImportPath": "github.com/docker/libnetwork/idm",
			"Comment": "v0.8.0-dev.2-201-g2205999",
			"Rev": "2205999d8d40edf92cff7e9b5ef509ce818a3bcf"
		},
		{
			"ImportPath": "github.com/docker/libnetwork/ipam",
			"Comment": "v0.8.0-dev.2-201-g2205999",
			"Rev": "2205999d8d40edf92cff7e9b5ef509ce818a3bcf"
		},
		{
			"ImportPath": "github.com/docker/libnetwork/ipamapi",
			"Comment": "v0.8.0-dev.2-201-g2205999",
			"Rev": "2205999d8d40edf92cff7e9b5ef509ce818a3bcf"
		},
		{
			"ImportPath": "github.com/docker/libnetwork/ipams/builtin",
			"Comment": "v0.8.0-dev.2-201-g2205999",
			"Rev": "2205999d8d40edf92cff7e9b5ef509ce818a3bcf"
		},
		{
			"ImportPath": "github.com/docker/libnetwork/ipams/null",
			"Comment": "v0.8.0-dev.2-201-g2205999",
			"Rev": "2205999d8d40edf92cff7e9b5ef509ce818a3bcf"
		},
		{
			"ImportPath": "github.com/docker/libnetwork/ipams/remote",
			"Comment": "v0.8.0-dev.2-201-g2205999",
			"Rev": "2205999d8d40edf92cff7e9b5ef509ce818a3bcf"
		},
		{
			"ImportPath": "github.com/docker/libnetwork/ipams/remote/api",
			"Comment": "v0.8.0-dev.2-201-g2205999",
			"Rev": "2205999d8d40edf92cff7e9b5ef509ce818a3bcf"
		},
		{
			"ImportPath": "github.com/docker/libnetwork/ipams/windowsipam",
			"Comment": "v0.8.0-dev.2-201-g2205999",
			"Rev": "2205999d8d40edf92cff7e9b5ef509ce818a3bcf"
		},
		{
			"ImportPath": "github.com/docker/libnetwork/ipamutils",
			"Comment": "v0.8.0-dev.2-201-g2205999",
			"Rev": "2205999d8d40edf92cff7e9b5ef509ce818a3bcf"
		},
		{
			"ImportPath": "github.com/docker/libnetwork/netlabel",
			"Comment": "v0.8.0-dev.2-201-g2205999",
			"Rev": "2205999d8d40edf92cff7e9b5ef509ce818a3bcf"
		},
		{
			"ImportPath": "github.com/docker/libnetwork/types",
			"Comment": "v0.8.0-dev.2-201-g2205999",
			"Rev": "2205999d8d40edf92cff7e9b5ef509ce818a3bcf"
		},
		{
			"ImportPath": "github.com/dustin/go-humanize",
			"Rev": "8929fe90cee4b2cb9deb468b51fb34eba64d1bf0"
		},
		{
			"ImportPath": "github.com/gogo/protobuf/gogoproto",
			"Comment": "v0.2-15-g43a2e0b",
			"Rev": "43a2e0b1c32252bfbbdf81f7faa7a88fb3fa4028"
		},
		{
			"ImportPath": "github.com/gogo/protobuf/jsonpb",
			"Comment": "v0.2-15-g43a2e0b",
			"Rev": "43a2e0b1c32252bfbbdf81f7faa7a88fb3fa4028"
		},
		{
			"ImportPath": "github.com/gogo/protobuf/plugin/compare",
			"Comment": "v0.2-15-g43a2e0b",
			"Rev": "43a2e0b1c32252bfbbdf81f7faa7a88fb3fa4028"
		},
		{
			"ImportPath": "github.com/gogo/protobuf/plugin/defaultcheck",
			"Comment": "v0.2-15-g43a2e0b",
			"Rev": "43a2e0b1c32252bfbbdf81f7faa7a88fb3fa4028"
		},
		{
			"ImportPath": "github.com/gogo/protobuf/plugin/description",
			"Comment": "v0.2-15-g43a2e0b",
			"Rev": "43a2e0b1c32252bfbbdf81f7faa7a88fb3fa4028"
		},
		{
			"ImportPath": "github.com/gogo/protobuf/plugin/embedcheck",
			"Comment": "v0.2-15-g43a2e0b",
			"Rev": "43a2e0b1c32252bfbbdf81f7faa7a88fb3fa4028"
		},
		{
			"ImportPath": "github.com/gogo/protobuf/plugin/enumstringer",
			"Comment": "v0.2-15-g43a2e0b",
			"Rev": "43a2e0b1c32252bfbbdf81f7faa7a88fb3fa4028"
		},
		{
			"ImportPath": "github.com/gogo/protobuf/plugin/equal",
			"Comment": "v0.2-15-g43a2e0b",
			"Rev": "43a2e0b1c32252bfbbdf81f7faa7a88fb3fa4028"
		},
		{
			"ImportPath": "github.com/gogo/protobuf/plugin/face",
			"Comment": "v0.2-15-g43a2e0b",
			"Rev": "43a2e0b1c32252bfbbdf81f7faa7a88fb3fa4028"
		},
		{
			"ImportPath": "github.com/gogo/protobuf/plugin/gostring",
			"Comment": "v0.2-15-g43a2e0b",
			"Rev": "43a2e0b1c32252bfbbdf81f7faa7a88fb3fa4028"
		},
		{
			"ImportPath": "github.com/gogo/protobuf/plugin/grpc",
			"Comment": "v0.2-15-g43a2e0b",
			"Rev": "43a2e0b1c32252bfbbdf81f7faa7a88fb3fa4028"
		},
		{
			"ImportPath": "github.com/gogo/protobuf/plugin/marshalto",
			"Comment": "v0.2-15-g43a2e0b",
			"Rev": "43a2e0b1c32252bfbbdf81f7faa7a88fb3fa4028"
		},
		{
			"ImportPath": "github.com/gogo/protobuf/plugin/oneofcheck",
			"Comment": "v0.2-15-g43a2e0b",
			"Rev": "43a2e0b1c32252bfbbdf81f7faa7a88fb3fa4028"
		},
		{
			"ImportPath": "github.com/gogo/protobuf/plugin/populate",
			"Comment": "v0.2-15-g43a2e0b",
			"Rev": "43a2e0b1c32252bfbbdf81f7faa7a88fb3fa4028"
		},
		{
			"ImportPath": "github.com/gogo/protobuf/plugin/size",
			"Comment": "v0.2-15-g43a2e0b",
			"Rev": "43a2e0b1c32252bfbbdf81f7faa7a88fb3fa4028"
		},
		{
			"ImportPath": "github.com/gogo/protobuf/plugin/stringer",
			"Comment": "v0.2-15-g43a2e0b",
			"Rev": "43a2e0b1c32252bfbbdf81f7faa7a88fb3fa4028"
		},
		{
			"ImportPath": "github.com/gogo/protobuf/plugin/testgen",
			"Comment": "v0.2-15-g43a2e0b",
			"Rev": "43a2e0b1c32252bfbbdf81f7faa7a88fb3fa4028"
		},
		{
			"ImportPath": "github.com/gogo/protobuf/plugin/union",
			"Comment": "v0.2-15-g43a2e0b",
			"Rev": "43a2e0b1c32252bfbbdf81f7faa7a88fb3fa4028"
		},
		{
			"ImportPath": "github.com/gogo/protobuf/plugin/unmarshal",
			"Comment": "v0.2-15-g43a2e0b",
			"Rev": "43a2e0b1c32252bfbbdf81f7faa7a88fb3fa4028"
		},
		{
			"ImportPath": "github.com/gogo/protobuf/proto",
			"Comment": "v0.2-15-g43a2e0b",
			"Rev": "43a2e0b1c32252bfbbdf81f7faa7a88fb3fa4028"
		},
		{
			"ImportPath": "github.com/gogo/protobuf/protoc-gen-gogo/descriptor",
			"Comment": "v0.2-15-g43a2e0b",
			"Rev": "43a2e0b1c32252bfbbdf81f7faa7a88fb3fa4028"
		},
		{
			"ImportPath": "github.com/gogo/protobuf/protoc-gen-gogo/generator",
			"Comment": "v0.2-15-g43a2e0b",
			"Rev": "43a2e0b1c32252bfbbdf81f7faa7a88fb3fa4028"
		},
		{
			"ImportPath": "github.com/gogo/protobuf/protoc-gen-gogo/plugin",
			"Comment": "v0.2-15-g43a2e0b",
			"Rev": "43a2e0b1c32252bfbbdf81f7faa7a88fb3fa4028"
		},
		{
			"ImportPath": "github.com/gogo/protobuf/sortkeys",
			"Comment": "v0.2-15-g43a2e0b",
			"Rev": "43a2e0b1c32252bfbbdf81f7faa7a88fb3fa4028"
		},
		{
			"ImportPath": "github.com/gogo/protobuf/vanity",
			"Comment": "v0.2-15-g43a2e0b",
			"Rev": "43a2e0b1c32252bfbbdf81f7faa7a88fb3fa4028"
		},
		{
			"ImportPath": "github.com/gogo/protobuf/vanity/command",
			"Comment": "v0.2-15-g43a2e0b",
			"Rev": "43a2e0b1c32252bfbbdf81f7faa7a88fb3fa4028"
		},
		{
			"ImportPath": "github.com/golang/mock/gomock",
			"Rev": "bd3c8e81be01eef76d4b503f5e687d2d1354d2d9"
		},
		{
			"ImportPath": "github.com/golang/protobuf/proto",
			"Rev": "3c84672111d91bb5ac31719e112f9f7126a0e26e"
		},
		{
			"ImportPath": "github.com/google/certificate-transparency/go",
			"Rev": "025a5cab06f6a819c455d9fdc9e2a1b6d0982284"
		},
		{
			"ImportPath": "github.com/google/certificate-transparency/go/asn1",
			"Rev": "025a5cab06f6a819c455d9fdc9e2a1b6d0982284"
		},
		{
			"ImportPath": "github.com/google/certificate-transparency/go/client",
			"Rev": "025a5cab06f6a819c455d9fdc9e2a1b6d0982284"
		},
		{
			"ImportPath": "github.com/google/certificate-transparency/go/x509",
			"Rev": "025a5cab06f6a819c455d9fdc9e2a1b6d0982284"
		},
		{
			"ImportPath": "github.com/google/certificate-transparency/go/x509/pkix",
			"Rev": "025a5cab06f6a819c455d9fdc9e2a1b6d0982284"
		},
		{
			"ImportPath": "github.com/hashicorp/go-immutable-radix",
			"Rev": "8e8ed81f8f0bf1bdd829593fdd5c29922c1ea990"
		},
		{
			"ImportPath": "github.com/hashicorp/go-memdb",
			"Rev": "98f52f52d7a476958fa9da671354d270c50661a7"
		},
		{
			"ImportPath": "github.com/hashicorp/golang-lru/simplelru",
			"Rev": "a0d98a5f288019575c6d1f4bb1573fef2d1fcdc4"
		},
		{
			"ImportPath": "github.com/inconshreveable/mousetrap",
			"Rev": "76626ae9c91c4f2a10f34cad8ce83ea42c93bb75"
		},
		{
			"ImportPath": "github.com/mreiferson/go-httpclient",
			"Rev": "63fe23f7434723dc904c901043af07931f293c47"
		},
		{
			"ImportPath": "github.com/onsi/ginkgo",
			"Comment": "v1.2.0-42-g07d85e6",
			"Rev": "07d85e6b10c4289c7d612f9b13f45ba36f66d55b"
		},
		{
			"ImportPath": "github.com/onsi/ginkgo/config",
			"Comment": "v1.2.0-42-g07d85e6",
			"Rev": "07d85e6b10c4289c7d612f9b13f45ba36f66d55b"
		},
		{
			"ImportPath": "github.com/onsi/ginkgo/internal/codelocation",
			"Comment": "v1.2.0-42-g07d85e6",
			"Rev": "07d85e6b10c4289c7d612f9b13f45ba36f66d55b"
		},
		{
			"ImportPath": "github.com/onsi/ginkgo/internal/containernode",
			"Comment": "v1.2.0-42-g07d85e6",
			"Rev": "07d85e6b10c4289c7d612f9b13f45ba36f66d55b"
		},
		{
			"ImportPath": "github.com/onsi/ginkgo/internal/failer",
			"Comment": "v1.2.0-42-g07d85e6",
			"Rev": "07d85e6b10c4289c7d612f9b13f45ba36f66d55b"
		},
		{
			"ImportPath": "github.com/onsi/ginkgo/internal/leafnodes",
			"Comment": "v1.2.0-42-g07d85e6",
			"Rev": "07d85e6b10c4289c7d612f9b13f45ba36f66d55b"
		},
		{
			"ImportPath": "github.com/onsi/ginkgo/internal/remote",
			"Comment": "v1.2.0-42-g07d85e6",
			"Rev": "07d85e6b10c4289c7d612f9b13f45ba36f66d55b"
		},
		{
			"ImportPath": "github.com/onsi/ginkgo/internal/spec",
			"Comment": "v1.2.0-42-g07d85e6",
			"Rev": "07d85e6b10c4289c7d612f9b13f45ba36f66d55b"
		},
		{
			"ImportPath": "github.com/onsi/ginkgo/internal/specrunner",
			"Comment": "v1.2.0-42-g07d85e6",
			"Rev": "07d85e6b10c4289c7d612f9b13f45ba36f66d55b"
		},
		{
			"ImportPath": "github.com/onsi/ginkgo/internal/suite",
			"Comment": "v1.2.0-42-g07d85e6",
			"Rev": "07d85e6b10c4289c7d612f9b13f45ba36f66d55b"
		},
		{
			"ImportPath": "github.com/onsi/ginkgo/internal/testingtproxy",
			"Comment": "v1.2.0-42-g07d85e6",
			"Rev": "07d85e6b10c4289c7d612f9b13f45ba36f66d55b"
		},
		{
			"ImportPath": "github.com/onsi/ginkgo/internal/writer",
			"Comment": "v1.2.0-42-g07d85e6",
			"Rev": "07d85e6b10c4289c7d612f9b13f45ba36f66d55b"
		},
		{
			"ImportPath": "github.com/onsi/ginkgo/reporters",
			"Comment": "v1.2.0-42-g07d85e6",
			"Rev": "07d85e6b10c4289c7d612f9b13f45ba36f66d55b"
		},
		{
			"ImportPath": "github.com/onsi/ginkgo/reporters/stenographer",
			"Comment": "v1.2.0-42-g07d85e6",
			"Rev": "07d85e6b10c4289c7d612f9b13f45ba36f66d55b"
		},
		{
			"ImportPath": "github.com/onsi/ginkgo/types",
			"Comment": "v1.2.0-42-g07d85e6",
			"Rev": "07d85e6b10c4289c7d612f9b13f45ba36f66d55b"
		},
		{
			"ImportPath": "github.com/onsi/gomega",
			"Comment": "v1.0-81-gad93e46",
			"Rev": "ad93e463829d54602c66e94813bc1eb9b10d454c"
		},
		{
			"ImportPath": "github.com/onsi/gomega/format",
			"Comment": "v1.0-81-gad93e46",
			"Rev": "ad93e463829d54602c66e94813bc1eb9b10d454c"
		},
		{
			"ImportPath": "github.com/onsi/gomega/internal/assertion",
			"Comment": "v1.0-81-gad93e46",
			"Rev": "ad93e463829d54602c66e94813bc1eb9b10d454c"
		},
		{
			"ImportPath": "github.com/onsi/gomega/internal/asyncassertion",
			"Comment": "v1.0-81-gad93e46",
			"Rev": "ad93e463829d54602c66e94813bc1eb9b10d454c"
		},
		{
			"ImportPath": "github.com/onsi/gomega/internal/oraclematcher",
			"Comment": "v1.0-81-gad93e46",
			"Rev": "ad93e463829d54602c66e94813bc1eb9b10d454c"
		},
		{
			"ImportPath": "github.com/onsi/gomega/internal/testingtsupport",
			"Comment": "v1.0-81-gad93e46",
			"Rev": "ad93e463829d54602c66e94813bc1eb9b10d454c"
		},
		{
			"ImportPath": "github.com/onsi/gomega/matchers",
			"Comment": "v1.0-81-gad93e46",
			"Rev": "ad93e463829d54602c66e94813bc1eb9b10d454c"
		},
		{
			"ImportPath": "github.com/onsi/gomega/matchers/support/goraph/bipartitegraph",
			"Comment": "v1.0-81-gad93e46",
			"Rev": "ad93e463829d54602c66e94813bc1eb9b10d454c"
		},
		{
			"ImportPath": "github.com/onsi/gomega/matchers/support/goraph/edge",
			"Comment": "v1.0-81-gad93e46",
			"Rev": "ad93e463829d54602c66e94813bc1eb9b10d454c"
		},
		{
			"ImportPath": "github.com/onsi/gomega/matchers/support/goraph/node",
			"Comment": "v1.0-81-gad93e46",
			"Rev": "ad93e463829d54602c66e94813bc1eb9b10d454c"
		},
		{
			"ImportPath": "github.com/onsi/gomega/matchers/support/goraph/util",
			"Comment": "v1.0-81-gad93e46",
			"Rev": "ad93e463829d54602c66e94813bc1eb9b10d454c"
		},
		{
			"ImportPath": "github.com/onsi/gomega/types",
			"Comment": "v1.0-81-gad93e46",
			"Rev": "ad93e463829d54602c66e94813bc1eb9b10d454c"
		},
		{
			"ImportPath": "github.com/opencontainers/runc/libcontainer/user",
			"Comment": "v0.0.7-38-g8e8d01d",
			"Rev": "8e8d01d38d7b4fb0a35bf89b72bc3e18c98882d7"
		},
		{
			"ImportPath": "github.com/phayes/permbits",
			"Rev": "f7e3ac5e859d0b919c5068d581cc4c5d4f4f9bc5"
		},
		{
			"ImportPath": "github.com/pivotal-golang/clock",
			"Rev": "3fd3c1944c59d9742e1cd333672181cd1a6f9fa0"
		},
		{
			"ImportPath": "github.com/pivotal-golang/clock/fakeclock",
			"Rev": "3fd3c1944c59d9742e1cd333672181cd1a6f9fa0"
		},
		{
			"ImportPath": "github.com/pkg/errors",
			"Comment": "v0.7.0",
			"Rev": "01fa4104b9c248c8945d14d9f128454d5b28d595"
		},
		{
			"ImportPath": "github.com/pmezard/go-difflib/difflib",
			"Rev": "792786c7400a136282c1664665ae0a8db921c6c2"
		},
		{
			"ImportPath": "github.com/rcrowley/go-metrics",
			"Rev": "51425a2415d21afadfd55cd93432c0bc69e9598d"
		},
		{
			"ImportPath": "github.com/spf13/cobra",
			"Rev": "8e91712f174ced10270cf66615e0a9127e7c4de5"
		},
		{
			"ImportPath": "github.com/spf13/pflag",
			"Rev": "7f60f83a2c81bc3c3c0d5297f61ddfa68da9d3b7"
		},
		{
			"ImportPath": "github.com/stretchr/testify/assert",
			"Comment": "v1.1.3-2-g9f9027f",
			"Rev": "9f9027faeb0dad515336ed2f28317f9f8f527ab4"
		},
		{
			"ImportPath": "github.com/stretchr/testify/require",
			"Comment": "v1.1.3-2-g9f9027f",
			"Rev": "9f9027faeb0dad515336ed2f28317f9f8f527ab4"
		},
		{
			"ImportPath": "golang.org/x/crypto/pkcs12",
			"Rev": "3fbbcd23f1cb824e69491a5930cfeff09b12f4d2"
		},
		{
			"ImportPath": "golang.org/x/crypto/pkcs12/internal/rc2",
			"Rev": "3fbbcd23f1cb824e69491a5930cfeff09b12f4d2"
		},
		{
			"ImportPath": "golang.org/x/net/context",
			"Rev": "024ed629fd292398cfd43c9678a5bf004f7defdc"
		},
		{
			"ImportPath": "golang.org/x/net/http2",
			"Rev": "024ed629fd292398cfd43c9678a5bf004f7defdc"
		},
		{
			"ImportPath": "golang.org/x/net/http2/hpack",
			"Rev": "024ed629fd292398cfd43c9678a5bf004f7defdc"
		},
		{
			"ImportPath": "golang.org/x/net/internal/timeseries",
			"Rev": "024ed629fd292398cfd43c9678a5bf004f7defdc"
		},
		{
			"ImportPath": "golang.org/x/net/proxy",
			"Rev": "024ed629fd292398cfd43c9678a5bf004f7defdc"
		},
		{
			"ImportPath": "golang.org/x/net/trace",
			"Rev": "024ed629fd292398cfd43c9678a5bf004f7defdc"
		},
		{
			"ImportPath": "golang.org/x/sys/unix",
			"Rev": "5eaf0df67e70d6997a9fe0ed24383fa1b01638d3"
		},
		{
			"ImportPath": "google.golang.org/grpc",
			"Rev": "ab0be5212fb225475f2087566eded7da5d727960"
		},
		{
			"ImportPath": "google.golang.org/grpc/codes",
			"Rev": "ab0be5212fb225475f2087566eded7da5d727960"
		},
		{
			"ImportPath": "google.golang.org/grpc/credentials",
			"Rev": "ab0be5212fb225475f2087566eded7da5d727960"
		},
		{
			"ImportPath": "google.golang.org/grpc/grpclog",
			"Rev": "ab0be5212fb225475f2087566eded7da5d727960"
		},
		{
			"ImportPath": "google.golang.org/grpc/internal",
			"Rev": "ab0be5212fb225475f2087566eded7da5d727960"
		},
		{
			"ImportPath": "google.golang.org/grpc/metadata",
			"Rev": "ab0be5212fb225475f2087566eded7da5d727960"
		},
		{
			"ImportPath": "google.golang.org/grpc/naming",
			"Rev": "ab0be5212fb225475f2087566eded7da5d727960"
		},
		{
			"ImportPath": "google.golang.org/grpc/peer",
			"Rev": "ab0be5212fb225475f2087566eded7da5d727960"
		},
		{
			"ImportPath": "google.golang.org/grpc/transport",
			"Rev": "ab0be5212fb225475f2087566eded7da5d727960"
		}
	]
}
