{
	"ImportPath": "github.com/docker/libnetwork",
	"GoVersion": "go1.4.2",
	"Packages": [
		"./..."
	],
	"Deps": [
		{
			"ImportPath": "github.com/Azure/go-ansiterm",
			"Rev": "70b2c90b260171e829f1ebd7c17f600c11858dbe"
		},
		{
			"ImportPath": "github.com/BurntSushi/toml",
			"Comment": "v0.1.0-16-gf706d00",
			"Rev": "f706d00e3de6abe700c994cdd545a1a4915af060"
		},
		{
			"ImportPath": "github.com/Sirupsen/logrus",
			"Comment": "v0.6.4-12-g467d9d5",
			"Rev": "467d9d55c2d2c17248441a8fc661561161f40d5e"
		},
		{
			"ImportPath": "github.com/armon/go-metrics",
			"Rev": "eb0af217e5e9747e41dd5303755356b62d28e3ec"
		},
		{
			"ImportPath": "github.com/boltdb/bolt",
			"Comment": "v1.0-117-g0f053fa",
			"Rev": "0f053fabc06119583d61937a0a06ef0ba0f1b301"
		},
		{
			"ImportPath": "github.com/codegangsta/cli",
			"Comment": "1.2.0-143-ga65b733",
			"Rev": "a65b733b303f0055f8d324d805f393cd3e7a7904"
		},
		{
			"ImportPath": "github.com/coreos/etcd/client",
			"Comment": "v2.2.0",
			"Rev": "e4561dd8cfb1163fb51afceca9c78aa89398e731"
		},
		{
			"ImportPath": "github.com/coreos/etcd/pkg/pathutil",
			"Comment": "v2.2.0",
			"Rev": "e4561dd8cfb1163fb51afceca9c78aa89398e731"
		},
		{
			"ImportPath": "github.com/coreos/etcd/pkg/types",
			"Comment": "v2.2.0",
			"Rev": "e4561dd8cfb1163fb51afceca9c78aa89398e731"
		},
		{
			"ImportPath": "github.com/coreos/go-systemd/dbus",
			"Comment": "v4",
			"Rev": "b4a58d95188dd092ae20072bac14cece0e67c388"
		},
		{
			"ImportPath": "github.com/coreos/go-systemd/util",
			"Comment": "v4",
			"Rev": "b4a58d95188dd092ae20072bac14cece0e67c388"
		},
		{
			"ImportPath": "github.com/deckarep/golang-set",
			"Comment": "v1-26-gef32fa3",
			"Rev": "ef32fa3046d9f249d399f98ebaf9be944430fd1d"
		},
		{
			"ImportPath": "github.com/docker/docker/api/types/blkiodev",
			"Comment": "v1.4.1-8734-g577cf61",
			"Rev": "577cf61afad695f0ba226cdf8a995a8c78883e51"
		},
		{
			"ImportPath": "github.com/docker/docker/opts",
			"Comment": "v1.4.1-8734-g577cf61",
			"Rev": "577cf61afad695f0ba226cdf8a995a8c78883e51"
		},
		{
			"ImportPath": "github.com/docker/docker/pkg/discovery",
			"Comment": "v1.4.1-8734-g577cf61",
			"Rev": "577cf61afad695f0ba226cdf8a995a8c78883e51"
		},
		{
			"ImportPath": "github.com/docker/docker/pkg/homedir",
			"Comment": "v1.4.1-8734-g577cf61",
			"Rev": "577cf61afad695f0ba226cdf8a995a8c78883e51"
		},
		{
			"ImportPath": "github.com/docker/docker/pkg/ioutils",
			"Comment": "v1.4.1-8734-g577cf61",
			"Rev": "577cf61afad695f0ba226cdf8a995a8c78883e51"
		},
		{
			"ImportPath": "github.com/docker/docker/pkg/longpath",
			"Comment": "v1.4.1-8734-g577cf61",
			"Rev": "577cf61afad695f0ba226cdf8a995a8c78883e51"
		},
		{
			"ImportPath": "github.com/docker/docker/pkg/mflag",
			"Comment": "v1.4.1-8734-g577cf61",
			"Rev": "577cf61afad695f0ba226cdf8a995a8c78883e51"
		},
		{
			"ImportPath": "github.com/docker/docker/pkg/mount",
			"Comment": "v1.4.1-8734-g577cf61",
			"Rev": "577cf61afad695f0ba226cdf8a995a8c78883e51"
		},
		{
			"ImportPath": "github.com/docker/docker/pkg/parsers/kernel",
			"Comment": "v1.4.1-8734-g577cf61",
			"Rev": "577cf61afad695f0ba226cdf8a995a8c78883e51"
		},
		{
			"ImportPath": "github.com/docker/docker/pkg/plugins",
			"Comment": "v1.4.1-8734-g577cf61",
			"Rev": "577cf61afad695f0ba226cdf8a995a8c78883e51"
		},
		{
			"ImportPath": "github.com/docker/docker/pkg/proxy",
			"Comment": "v1.4.1-8734-g577cf61",
			"Rev": "577cf61afad695f0ba226cdf8a995a8c78883e51"
		},
		{
			"ImportPath": "github.com/docker/docker/pkg/random",
			"Comment": "v1.4.1-8734-g577cf61",
			"Rev": "577cf61afad695f0ba226cdf8a995a8c78883e51"
		},
		{
			"ImportPath": "github.com/docker/docker/pkg/reexec",
			"Comment": "v1.4.1-8734-g577cf61",
			"Rev": "577cf61afad695f0ba226cdf8a995a8c78883e51"
		},
		{
			"ImportPath": "github.com/docker/docker/pkg/signal",
			"Comment": "v1.4.1-8734-g577cf61",
			"Rev": "577cf61afad695f0ba226cdf8a995a8c78883e51"
		},
		{
			"ImportPath": "github.com/docker/docker/pkg/sockets",
			"Comment": "v1.4.1-8734-g577cf61",
			"Rev": "577cf61afad695f0ba226cdf8a995a8c78883e51"
		},
		{
			"ImportPath": "github.com/docker/docker/pkg/stringid",
			"Comment": "v1.4.1-8734-g577cf61",
			"Rev": "577cf61afad695f0ba226cdf8a995a8c78883e51"
		},
		{
			"ImportPath": "github.com/docker/docker/pkg/symlink",
			"Comment": "v1.4.1-8734-g577cf61",
			"Rev": "577cf61afad695f0ba226cdf8a995a8c78883e51"
		},
		{
			"ImportPath": "github.com/docker/docker/pkg/system",
			"Comment": "v1.4.1-8734-g577cf61",
			"Rev": "577cf61afad695f0ba226cdf8a995a8c78883e51"
		},
		{
			"ImportPath": "github.com/docker/docker/pkg/term",
			"Comment": "v1.4.1-8734-g577cf61",
			"Rev": "577cf61afad695f0ba226cdf8a995a8c78883e51"
		},
		{
			"ImportPath": "github.com/docker/docker/pkg/tlsconfig",
			"Comment": "v1.4.1-8734-g577cf61",
			"Rev": "577cf61afad695f0ba226cdf8a995a8c78883e51"
		},
		{
			"ImportPath": "github.com/docker/docker/pkg/ulimit",
			"Comment": "v1.4.1-8734-g577cf61",
			"Rev": "577cf61afad695f0ba226cdf8a995a8c78883e51"
		},
		{
			"ImportPath": "github.com/docker/go-units",
			"Comment": "v0.1.0-16-g8e2d452",
			"Rev": "8e2d4523730c73120e10d4652f36ad6010998f4e"
		},
		{
			"ImportPath": "github.com/docker/libkv",
			"Rev": "c2aac5dbbaa5c872211edea7c0f32b3bd67e7410"
		},
		{
			"ImportPath": "github.com/godbus/dbus",
			"Comment": "v3",
			"Rev": "c7fdd8b5cd55e87b4e1f4e372cdb1db61dd6c66f"
		},
		{
			"ImportPath": "github.com/golang/protobuf/proto",
			"Rev": "f7137ae6b19afbfd61a94b746fda3b3fe0491874"
		},
		{
			"ImportPath": "github.com/gorilla/context",
			"Rev": "215affda49addc4c8ef7e2534915df2c8c35c6cd"
		},
		{
			"ImportPath": "github.com/gorilla/mux",
			"Rev": "8096f47503459bcc74d1f4c487b7e6e42e5746b5"
		},
		{
			"ImportPath": "github.com/hashicorp/consul/api",
			"Comment": "v0.5.0rc1-66-g954aec6",
			"Rev": "954aec66231b79c161a4122b023fbcad13047f79"
		},
		{
			"ImportPath": "github.com/hashicorp/go-msgpack/codec",
			"Rev": "71c2886f5a673a35f909803f38ece5810165097b"
		},
		{
			"ImportPath": "github.com/hashicorp/memberlist",
			"Rev": "9a1e242e454d2443df330bdd51a436d5a9058fc4"
		},
		{
			"ImportPath": "github.com/hashicorp/serf/serf",
			"Comment": "v0.6.4",
			"Rev": "7151adcef72687bf95f451a2e0ba15cb19412bf2"
		},
		{
			"ImportPath": "github.com/miekg/dns",
			"Rev": "d27455715200c7d3e321a1e5cadb27c9ee0b0f02"
		},
		{
			"ImportPath": "github.com/opencontainers/runc/libcontainer",
			"Comment": "v0.0.6-6-gba1568d",
			"Rev": "ba1568de399395774ad84c2ace65937814c542ed"
		},
		{
			"ImportPath": "github.com/samuel/go-zookeeper/zk",
			"Rev": "d0e0d8e11f318e000a8cc434616d69e329edc374"
		},
		{
			"ImportPath": "github.com/seccomp/libseccomp-golang",
			"Rev": "1b506fc7c24eec5a3693cdcbed40d9c226cfc6a1"
		},
		{
			"ImportPath": "github.com/stretchr/testify/assert",
			"Rev": "dab07ac62d4905d3e48d17dc549c684ac3b7c15a"
		},
		{
			"ImportPath": "github.com/syndtr/gocapability/capability",
			"Rev": "2c00daeb6c3b45114c80ac44119e7b8801fdd852"
		},
		{
			"ImportPath": "github.com/ugorji/go/codec",
			"Rev": "5abd4e96a45c386928ed2ca2a7ef63e2533e18ec"
		},
		{
			"ImportPath": "github.com/vishvananda/netlink",
			"Rev": "bfd70f556483c008636b920dda142fdaa0d59ef9"
		},
		{
			"ImportPath": "github.com/vishvananda/netns",
			"Rev": "604eaf189ee867d8c147fafc28def2394e878d25"
		},
		{
			"ImportPath": "golang.org/x/net/context",
			"Rev": "9dd48c277bcb2bb2cc3eb6a6368a486a567d3562"
		}
	]
}
