{
	"comment": "TerminAttr Parser to OpenTSB",
	"subscriptions": [
		"/Smash/counters/ethIntf",
		"/Smash/interface/counter/lag/current/counter",
		"/Sysdb/environment/archer/cooling/status",
		"/Sysdb/environment/archer/power/status",
		"/Sysdb/environment/archer/temperature/status",
		"/Sysdb/hardware/archer/xcvr/status",
		"/Sysdb/interface/config/eth",
		"/Kernel/proc/cpu/utilization",
		"/Sysdb/connectivityMonitor",
		"/Sysdb/interface/status/eth/phy/slice/1/intfStatus",
		"/Sysdb/lag/input/interface/lag/intfStatus",
		"/Sysdb/lag/input/interface/mlag/intfStatus"
	],
	"metricPrefix": "eos",
	"metrics": {
		"totalCpu": {
			"path": "/Kernel/proc/(cpu)/(utilization)/(total)/(?P<type>.+)"
		},
		"coreCpu": {
			"path": "/Kernel/proc/(cpu)/(utilization)/(.+)/(?P<type>.+)"
		},
		"intfCounter": {
			"path": "/Smash/counters/ethIntf/StrataCounters/current/(counter)/(?P<intf>.+)/statistics/(?P<direction>(?:in|out))(?P<type>(?:Octets|Errors|Discards))"
		},
		"intfLagCounter": {
			"path": "/Smash/interface/counter/lag/current/(counter)/(?P<intf>.+)/statistics/(?P<direction>(?:in|out))(Octets|Errors|Discards)"
		},
		"intfPktCounter": {
			"path": "/Smash/counters/ethIntf/StrataCounters/current/counter/(?P<intf>.+)/statistics/(?P<direction>(?:in|out))(?P<type>(?:Ucast|Multicast|Broadcast))(Pkt)"
		},
		"intfLagPktCounter": {
			"path": "/Smash/interface/counter/lag/current/(counter)/(?P<intf>.+)/statistics/(?P<direction>(?:in|out))(?P<type>(?:Ucast|Multicast|Broadcast))(Pkt)"
		},
		"intfPfcClassCounter": {
			"path": "/Smash/counters/ethIntf/StrataCounters/current/(counter)/(?P<intf>.+)/ethStatistics/(?P<direction>(?:in|out))(PfcClassFrames)"
		},
		"tempSensor": {
			"path": "/Sysdb/(environment)/archer/temperature/status/(?P<sensor>.+)/((?:maxT|t)emperature)"
		},
		"tempSensorAlert": {
			"path": "/Sysdb/(environment)/archer/temperature/status/(?P<sensor>.+)/(alertRaisedCount)"
		},
		"currentSensor": {
			"path": "/Sysdb/(environment)/archer/power/status/currentSensor/(?P<sensor>.+)/(current)"
		},
		"powerSensor": {
			"path": "/Sysdb/(environment)/archer/(power)/status/powerSupply/(?P<sensor>.+)/(input|output)Power"
		},
		"voltageSensor": {
			"path": "/Sysdb/(environment)/archer/power/status/voltageSensor/(?:cell/.+|system)/(?P<sensor>.+)/(voltage)"
		},
		"railCurrentSensor": {
			"path": "/Sysdb/(environment)/archer/power/status/voltageSensor/(?:cell/.+|system)/(?P<sensor>.+)/(current)"
		},
		"fanSpeed": {
			"path": "/Sysdb/(environment)/archer/(cooling)/status/(?P<fan>.+)/speed"
		},
		"qsfpModularRxPower": {
			"path": "/Sysdb/hardware/archer/(xcvr)/status/slice/(?P<linecard>.+)/(?P<intf>.+)/domRegisterData/lane(?P<lane>\\d)(OpticalRxPower)"
		},
		"qsfpModularTxPower": {
			"path": "/Sysdb/hardware/archer/(xcvr)/status/slice/(?P<linecard>.+)/(?P<intf>.+)/domRegisterData/lane(?P<lane>\\d)(OpticalTxPower)"
		},
		"qsfpFixedRxPower": {
			"path": "/Sysdb/hardware/archer/(xcvr)/status/all/(?P<intf>.+)/domRegisterData/lane(?P<lane>\\d)(OpticalRxPower)"
		},
		"qsfpFixedTxPower": {
			"path": "/Sysdb/hardware/archer/(xcvr)/status/all/(?P<intf>.+)/domRegisterData/lane(?P<lane>\\d)(OpticalTxPower)"
		},
		"sfpModularTemperature": {
			"path": "/Sysdb/hardware/archer/(xcvr)/status/slice/(?P<linecard>.+)/(?P<intf>.+)/lastDomUpdateTime/(temperature)"
		},
		"sfpFixedTemperature": {
			"path": "/Sysdb/hardware/archer/(xcvr)/status/all/(?P<intf>.+)/lastDomUpdateTime/(temperature)"
		},
		"sfpFixedRxTxPower": {
			"path": "/Sysdb/hardware/archer/(xcvr)/status/all/(?P<intf>.+)/lastDomUpdateTime/(?P<powerdirection>(?:rx|tx))(Power)"
		},
		"connectivityMonitor": {
			"path": "/Sysdb/connectivityMonitor/status/hostStatus/(?P<originhost>.+)/defaultStats/(?P<traceType>(?:jitter|latency|packetLoss|httpResponseTime))"
		},
		"operStatus": {
			"path":"/Sysdb/interface/status/eth/phy/slice/1/intfStatus/(?P<intf>.+)/operStatus$",
			"StaticValueMap":{
				"intfOperUp": 1,
				"intfOperDown": 0,
				"intfOperNotPresent": 0,
				"default": 0
			}
		}
	}
}